"WGChair Archive"                            <wgchairs-archive@megatron.ietf.org>
"The IESG"                                   <iesg@ietf.org>
"The IAB"                                    <iab@iab.org>
"Beaulieu, Marcia"            (agenda)       <mbeaulie@foretec.com>
"Leslie Daigle"                              <leslie@thinkingcat.com>
"The IAD"                                    <iad@ietf.org>
"ietf.wgchairs"                              <ietf.wgchairs@netlab.nec.de>
"WGChair Web Archive"                              <wgchairs-web-archive@megatron.ietf.org>
"Bormann, Carsten"            (6lowpan)      <cabo@tzi.org>
"Mulligan, Geoffrey"          (6lowpan)      <geoff.mulligan@invensysclimate.com>
"Aboba, Bernard"              (aaa)          <aboba@internaut.com>
"Mitton, David"               (aaa)          <david@mitton.com>
"Loughney, John"              (aaa)          <john.loughney@nokia.com>
"Sneed, Michael"              (adslmib)      <sneedmike@hotmail.com>
"Ray, Bob"                    (adslmib)      <rray@pesa.com>
"Hoffman, Paul"               (atompub)      <paul.hoffman@vpnc.org>
"Bray, Tim"                   (atompub)      <tbray@textuality.com>
"Clausen, Thomas"             (autoconf)     <thomas.clausen@polytechnique.fr>
"Singh, Shubhranshu"          (autoconf)     <shubhranshu@samsung.com>
"Perkins, Colin"              (avt)          <csp@csperkins.org>
"Westerlund, Magnus"          (avt)          <magnus.westerlund@ericsson.com>
"Kuthan, J"                   (behave)       <jiri@iptel.org>
"Jennings, Cullen"            (behave)       <fluffy@cisco.com>
"Ward, David"                 (bfd)          <dward@cisco.com>
"Haas, Jeffrey"               (bfd)          <jhaas@nexthop.com>
"Morton, Al"                  (bmwg)         <acmorton@att.com>
"Dubray, Kevin"               (bmwg)         <kdubray@juniper.net>
"Romascanu, Dan"              (bridge)       <dromasca@avaya.com>
"Harrington, David"           (bridge)       <dbharrington@comcast.net>
"Nikander, Pekka"             (btns)         <Pekka.Nikander@nomadiclab.com>
"Hörnquist Åstrand, Love"     (btns)         <lha@stacken.kth.se>
"Dusseault, Lisa"             (calsify)      <lisa@osafoundation.org>
"Niemi, Aki"                  (calsify)      <aki.niemi@nokia.com>
"Mani, Mahalingam"            (capwap)       <mmani@avaya.com>
"Gellert, Dorothy"            (capwap)       <dorothy.gellert@nokia.com>
"Kompella, Kireeti"           (ccamp)        <kireeti@juniper.net>
"Farrel, Adrian"              (ccamp)        <adrian@olddog.co.uk>
"Marine, April"               (crisp)        <april.marine@nominum.com>
"Michaelson, George"          (crisp)        <ggm@apnic.net>
"Phelan, Thomas"              (dccp)         <tphelan@sonusnet.com>
"Eggert, Lars"                (dccp)         <lars.eggert@netlab.nec.de>
"Droms, Ralph"                (dhc)          <rdroms@cisco.com>
"Venaas, Stig"                (dhc)          <venaas@uninett.no>
"Presuhn, Randy"              (disman)       <randy_presuhn@mindspring.com>
"Daley, Greg"                 (dna)          <greg.daley@eng.monash.edu.au>
"Krishnan, Suresh"            (dna)          <suresh.krishnan@ericsson.com>
"Gudmundsson, Olafur"         (dnsext)       <ogud@ogud.com>
"Kolkman, Olaf"               (dnsext)       <olaf@nlnetlabs.nl>
"Austein, Rob"                (dnsop)        <sra@hactrn.net>
"Koch, Peter"                 (dnsop)        <pk@isoc.de>
"Aboba, Bernard"              (eap)          <aboba@internaut.com>
"Arkko, Jari"                 (eap)          <jari.arkko@ericsson.com>
"Tschofenig, Hannes"          (ecrit)        <Hannes.Tschofenig@siemens.com>
"Linsner, Marc"               (ecrit)        <marc.linsner@cisco.com>
"Drummond, Rik"               (ediint)       <rvd2@drummondgroup.com>
"Wasserman, Margaret"         (entmib)       <margaret@thingmagic.com>
"Faltstrom, Patrik"           (enum)         <paf@cisco.com>
"Shockey, Richard"            (enum)         <rich.shockey@neustar.biz>
"Droz, Patrick"               (forces)       <dro@zurich.ibm.com>
"Putzolu, David"              (forces)       <David.Putzolu@intel.com>
"Mankin, Allison"             (geopriv)      <mankin@psg.com>
"Gellens, Randall"            (geopriv)      <rg+ietf@qualcomm.com>
"Newton, Andrew"              (geopriv)      <andy@hxr.us>
"Huston, Geoff"               (grow)         <gih@telstra.net>
"Meyer, Dave"                 (grow)         <dmm@1-4-5.net>
"Ward, David"                 (hip)          <dward@cisco.com>
"Camarillo, Gonzalo"          (hip)          <gonzalo.camarillo@ericsson.com>
"Romascanu, Dan"              (hubmib)       <dromasca@avaya.com>
"Hares, Susan"                (idr)          <skh@nexthop.com>
"Rekhter, Yakov"              (idr)          <yakov@juniper.net>
"Erlinger, Michael"           (idwg)         <mike@cs.hmc.edu>
"Bradner, Scott"              (ieprep)       <sob@harvard.edu>
"King, Kimberly"              (ieprep)       <kimberly.s.king@saic.com>
"Resnick, Pete"               (imapext)      <presnick@qualcomm.com>
"Dusseault, Lisa"             (imapext)      <lisa@osafoundation.org>
"Black, David"                (imss)         <black_david@emc.com>
"Danyliw, Roman"              (inch)         <rdd@cert.org>
"Woundy, Richard"             (ipcdn)        <Richard_Woundy@cable.comcast.com>
"Mule, Jean-Francois"         (ipcdn)        <jf.mule@cablelabs.com>
"Fairhurst, Gorry"            (ipdvb)        <gorry@erg.abdn.ac.uk>
"Brownlee, Nevil"             (ipfix)        <n.brownlee@auckland.ac.nz>
"Plonka, Dave"                (ipfix)        <plonka@doit.wisc.edu>
"Chu, H.K. Jerry"             (ipoib)        <jerry.chu@sun.com>
"Strahm, Bill"                (ipoib)        <bill@strahm.net>
"Parsons, Glenn"              (iporpr)       <gparsons@nortel.com>
"Uijterwaal, Henk"            (ippm)         <henk@ripe.net>
"Zekauskas, Matthew"          (ippm)         <matt@internet2.edu>
"Alvestrand, Harald"          (ipr)          <harald@alvestrand.no>
"Bellovin, Steven"            (ipr)          <smb@cs.columbia.edu>
"Black, David"                (ips)          <black_david@emc.com>
"Rosenberg, Jonathan"         (iptel)        <jdrosen@cisco.com>
"Jennings, Cullen"            (iptel)        <fluffy@cisco.com>
"Hinden, Robert"              (ipv6)         <bob.hinden@nokia.com>
"Haberman, Brian"             (ipv6)         <brian@innovationslab.net>
"Hopps, Chris"                (isis)         <chopps@rawdofmt.org>
"Ward, David"                 (isis)         <dward@cisco.com>
"Schoenwaelder, Juergen"      (isms)         <j.schoenwaelder@iu-bremen.de>
"Quittek, Juergen"            (isms)         <quittek@netlab.nec.de>
"Atkins, Derek"               (kink)         <derek@ihtfp.com>
"Trostle, Jonathan"           (kink)         <jtrostle@world.std.com>
"Altman, Jeffrey"             (kitten)       <jaltman@columbia.edu>
"Hutzelman, Jeffrey"          (krb-wg)       <jhutz@cmu.edu>
"Farrel, Adrian"              (l1vpn)        <adrian@olddog.co.uk>
"Takeda, Tomonori"            (l1vpn)        <takeda.tomonori@lab.ntt.co.jp>
"Ould-Brahim, Hamid"          (l1vpn)        <hbrahim@nortel.com>
"da Silva, Ron"               (l2tpext)      <rdasilva@va.rr.com>
"Goyret, Ignacio"             (l2tpext)      <igoyret@lucent.com>
"Amante, Shane"               (l2vpn)        <Shane.Amante@Level3.com>
"Kompella, Vach"              (l2vpn)        <vach.kompella@alcatel.com>
"Callon, Ross"                (l3vpn)        <rcallon@juniper.net>
"Bonica, Ronald"              (l3vpn)        <rbonica@juniper.net>
"Wilder, Rick"                (l3vpn)        <rick@rhwilder.net>
"Morgan, RL Bob"              (ldapbis)      <rlmorgan@washington.edu>
"Zeilenga, Kurt"              (ldapbis)      <kurt@openLDAP.org>
"Parsons, Glenn"              (lemonade)     <gparsons@nortel.com>
"Burger, Eric"                (lemonade)     <eburger@brooktrout.com>
"Wallace, Carl"               (ltans)        <cwallace@orionsec.com>
"Gondrom, Tobias"             (ltans)        <tobias.gondrom@opentext.com>
"Presuhn, Randy"              (ltru)         <randy_presuhn@mindspring.com>
"Duerst, Martin"              (ltru)         <duerst@it.aoyama.ac.jp>
"Kouvelas, Isidor"            (magma)        <kouvelas@cisco.com>
"Haberman, Brian"             (magma)        <brian@innovationslab.net>
"Macker, Joseph"              (manet)        <macker@itd.nrl.navy.mil>
"Chakeres, Ian"               (manet)        <idc@cs.ucsb.edu>
"Meyer, Dave"                 (mboned)       <dmm@1-4-5.net>
"Taylor, Tom"                 (megaco)       <taylor@nortel.com>
"Shore, Melinda"              (midcom)       <mshore@cisco.com>
"McCann, Peter"               (mip4)         <mccap@lucent.com>
"Levkowetz, Henrik"           (mip4)         <henrik@levkowetz.com>
"Patil, Basavaraj"            (mip6)         <basavaraj.patil@nokia.com>
"Dommety, Gopal"              (mip6)         <gdommety@cisco.com>
"Montenegro, Gabriel"         (mipshop)      <gabriel_montenegro_2000@yahoo.com>
"Faccin, Stefano"             (mipshop)      <stefano.faccin@nokia.com>
"Ott, Joerg"                  (mmusic)       <jo@acm.org>
"Perkins, Colin"              (mmusic)       <csp@csperkins.org>
"Hoffman, Paul"               (mobike)       <paul.hoffman@vpnc.org>
"Arkko, Jari"                 (mobike)       <jari.arkko@ericsson.com>
"Ernst, Thierry"              (monami6)      <ernst@sfc.wide.ad.jp>
"Montavont, Nicolas"          (monami6)      <nicolas.montavont@enst-bretagne.fr>
"Swallow, George"             (mpls)         <swallow@cisco.com>
"Andersson, Loa"              (mpls)         <loa@pi.se>
"Canetti, Ran"                (msec)         <canetti@watson.ibm.com>
"Dondeti, Lakshminath"        (msec)         <ldondeti@qualcomm.com>
"Lindqvist, Kurt"             (multi6)       <kurtis@kurtis.pp.se>
"Kniveton, TJ"                (nemo)         <tj@kniveton.com>
"Ernst, Thierry"              (nemo)         <ernst@sfc.wide.ad.jp>
"Bierman, Andy"               (netconf)      <ietf@andybierman.com>
"Leinen, Simon"               (netconf)      <simon@switch.ch>
"Bradner, Scott"              (newtrk)       <sob@harvard.edu>
"Shepler, Spencer"            (nfsv4)        <spencer.shepler@sun.com>
"Pawlowski, Brian"            (nfsv4)        <beepy@netapp.com>
"Loughney, John"              (nsis)         <john.loughney@nokia.com>
"O'Donoghue, Karen"           (ntp)          <karen.odonoghue@navy.mil>
"Haberman, Brian"             (ntp)          <brian@innovationslab.net>
"Atkins, Derek"               (openpgp)      <derek@ihtfp.com>
"Hansen, Tony"                (opes)         <tony@att.com>
"Hofmann, Markus"             (opes)         <hofmann@bell-labs.com>
"Callon, Ross"                (opsec)        <rcallon@juniper.net>
"Cain, Patrick"               (opsec)        <pcain@coopercain.com>
"Lindem, Acee"                (ospf)         <acee@cisco.com>
"Dube, Rohit"                 (ospf)         <dube.rohit@gmail.com>
"Patil, Basavaraj"            (pana)         <basavaraj.patil@nokia.com>
"Yegin, Alper"                (pana)         <alper.yegin@samsung.com>
"Farrel, Adrian"              (pce)          <adrian@olddog.co.uk>
"Vasseur, JP"                 (pce)          <jpv@cisco.com>
"Pusateri, Tom"               (pim)          <pusateri@bangj.com>
"McBride, Mike"               (pim)          <mmcbride@cisco.com>
"Knight, Paul"                (pki4ipsec)    <paul.knight@nortel.com>
"Lebovitz, Gregory"           (pki4ipsec)    <gregory-ietf@earthlink.net>
"Kent, Stephen"               (pkix)         <kent@bbn.com>
"Polk, Tim"                   (pkix)         <wpolk@nist.gov>
"Mathis, Matt"                (pmtud)        <mathis@psc.edu>
"Zekauskas, Matthew"          (pmtud)        <matt@internet2.edu>
"Carlson, James"              (pppext)       <james.d.carlson@sun.com>
"Quittek, Juergen"            (psamp)        <quittek@netlab.nec.de>
"Bryant, Stewart"             (pwe3)         <stbryant@cisco.com>
"McPherson, Danny"            (pwe3)         <danny@arbor.net>
"Nelson, David"               (radext)       <dnelson@enterasys.com>
"Aboba, Bernard"              (radext)       <aboba@internaut.com>
"Black, David"                (rddp)         <black_david@emc.com>
"Bierman, Andy"               (rmonmib)      <ietf@andybierman.com>
"Vicisano, Lorenzo"           (rmt)          <lorenzo@cisco.com>
"Kermode, Roger"              (rmt)          <Roger.Kermode@motorola.com>
"Bormann, Carsten"            (rohc)         <cabo@tzi.org>
"Jonsson, Lars-Erik"          (rohc)         <lars-erik.jonsson@ericsson.com>
"Tauber, Tony"                (rpsec)        <ttauber@1-4-5.net>
"White, Russ"                 (rpsec)        <riw@cisco.com>
"Ong, Lyndon"                 (rserpool)     <lyong@ciena.com>
"Stillman, Maureen"           (rserpool)     <maureen.stillman@nokia.com>
"Fenner, Bill"                (rtgwg)        <fenner@research.att.com>
"Zinin, Alex"                 (rtgwg)        <zinin@psg.com>
"Farrell, Stephen"            (sacred)       <stephen.farrell@cs.tcd.ie>
"Nystrom, Magnus"             (sacred)       <magnus@rsasecurity.com>
"Yu, Tom"                     (sasl)         <tlyu@mit.edu>
"Zeilenga, Kurt"              (sasl)         <kurt@openLDAP.org>
"Sommerfeld, Bill"            (secsh)        <sommerfeld@sun.com>
"Lindqvist, Kurt"             (shim6)        <kurtis@kurtis.pp.se>
"Huston, Geoff"               (shim6)        <gih@apnic.net>
"Daboo, Cyrus"                (sieve)        <cyrus@daboo.name>
"Melnikov, Alexey"            (sieve)        <alexey.melnikov@isode.com>
"Ong, Lyndon"                 (sigtran)      <lyong@ciena.com>
"Sparks, Robert"              (simple)       <RjS@estacado.net>
"Khartabil, Hisham"           (simple)       <hisham.khartabil@telio.no>
"Willis, Dean"                (sip)          <dean.willis@softarmor.com>
"Mahy, Rohan"                 (sip)          <rohan@ekabal.com>
"Camarillo, Gonzalo"          (sipping)      <gonzalo.camarillo@ericsson.com>
"Willis, Dean"                (sipping)      <dean.willis@softarmor.com>
"Mahy, Rohan"                 (sipping)      <rohan@ekabal.com>
"Turner, Sean"                (smime)        <turners@ieca.com>
"Ramsdell, Blake"             (smime)        <blake@sendmail.com>
"Oran, David"                 (speechsc)     <oran@cisco.com>
"Burger, Eric"                (speechsc)     <eburger@brooktrout.com>
"Holbrook, Hugh"              (ssm)          <holbrook@cs.stanford.edu>
"Bhattacharya, Supratik"      (ssm)          <supratik@sprintlabs.com>
"Lonvick, Chris"              (syslog)       <clonvick@cisco.com>
"Faber, Ted"                  (tcpm)         <faber@isi.edu>
"Allman, Mark"                (tcpm)         <mallman@icir.org>
"Rescorla, Eric"              (tls)          <ekr@networkresonance.com>
"Eronen, Pasi"                (tls)          <pasi.eronen@nokia.com>
"Nordmark, Erik"              (trill)        <erik.nordmark@sun.com>
"Mankin, Allison"             (tsvwg)        <mankin@psg.com>
"Polk, James"                 (tsvwg)        <jmpolk@cisco.com>
"Peterson, Jon"               (tsvwg)        <jon.peterson@neustar.biz>
"Alvestrand, Harald"          (usefor)       <harald@alvestrand.no>
"Melnikov, Alexey"            (usefor)       <alexey.melnikov@isode.com>
"Baker, Fred"                 (v6ops)        <fred.baker@cisco.com>
"Lindqvist, Kurt"             (v6ops)        <kurtis@kurtis.pp.se>
"Gupta, Mukesh"               (vrrp)         <mukesh.gupta@troposnetworks.com>
"Perlman, Radia"              (vrrp)         <radia.perlman@sun.com>
"Jennings, Cullen"            (webdav)       <fluffy@cisco.com>
"Willis, Dean"                (widex)        <dean.willis@softarmor.com>
"Johnston, Alan"              (xcon)         <ajohnston@tello.com>
"Roach, Adam"                 (xcon)         <adam@nostrum.com>
"Ruby, Sam"                   (atompub sec)  <rubys@intertwingly.net>
"Fairhurst, Gorry"            (dccp sec)     <gorry@erg.abdn.ac.uk>
"Mayrhofer, Alex"             (enum sec)     <axelm@nic.at>
"Eronen, Pasi"                (mobike sec)   <pasi.eronen@nokia.com>
"Tschofenig, Hannes"          (nsis sec)     <Hannes.Tschofenig@siemens.com>
"Bocci, Matthew"              (pwe3 sec)     <matthew.bocci@alcatel.co.uk>
"Novo, Oscar"                 (sipping sec)  <Oscar.Novo@ericsson.com>
